{"stat.useItem.274":84,"stat.craftItem.263":4,"stat.useItem.275":11,"stat.walkOneCm":63326,"stat.craftItem.265":8,"stat.useItem.61":3,"achievement.jewelrycraft.openGuide":1,"achievement.tf.transformers_mod":3,"stat.craftItem.61":3,"stat.leaveGame":2,"stat.mineBlock.44":2,"stat.mineBlock.58":2,"stat.mineBlock.15":8,"stat.mineBlock.18":1,"stat.mineBlock.17":21,"tconstruct.beginner":6,"stat.jump":158,"stat.swimOneCm":5676,"stat.fallOneCm":2930,"tconstruct.pattern":1,"achievement.buildWorkBench":2,"achievement.buildSword":1,"achievement.mineWood":15,"achievement.exploreAllBiomes":{"value":0,"progress":["Birch Forest Hills","Birch Forest","River"]},"stat.mineBlock.98":2,"stat.craftItem.320":4,"stat.breakItem.270":1,"achievement.openInventory":18,"stat.craftItem.5":56,"stat.craftItem.280":12,"stat.damageTaken":145,"stat.mineBlock.4":1,"stat.mineBlock.3":14,"stat.mineBlock.1":97,"stat.mobKills":3,"achievement.cfm_install":3,"achievement.killEnemy":1,"stat.craftItem.272":1,"achievement.buildFurnace":6,"stat.flyOneCm":16661,"stat.craftItem.58":1,"stat.craftItem.274":1,"stat.craftItem.275":1,"achievement.acquireIron":12,"stat.drop":3,"achievement.buildPickaxe":2,"stat.playOneMinute":55470,"stat.killEntity.Sheep":1,"stat.useItem.4":11,"stat.craftItem.270":1,"stat.damageDealt":420,"achievement.buildBetterPickaxe":1,"stat.killEntity.Zombie":1,"stat.killEntity.Pig":1,"stat.useItem.270":60,"stat.useItem.58":3,"stat.mineBlock.31":3,"stat.diveOneCm":6072,"stat.useItem.272":9}