{"stat.useItem.355":2,"stat.useItem.61":2,"achievement.tf.transformers_mod":16,"stat.craftItem.61":2,"stat.leaveGame":13,"stat.mineBlock.14":4,"stat.mineBlock.13":1,"stat.mineBlock.16":58,"stat.mineBlock.15":7,"stat.mineBlock.18":9,"stat.mineBlock.17":45,"stat.jump":916,"stat.swimOneCm":20787,"stat.fallOneCm":18670,"achievement.buildWorkBench":4,"achievement.killCow":1,"stat.craftItem.325":1,"achievement.exploreAllBiomes":{"value":0,"progress":["Birch Forest Hills","Birch Forest"]},"stat.craftItem.5":116,"stat.damageTaken":5550,"stat.mineBlock.4":1,"stat.mineBlock.3":22,"stat.mineBlock.1":229,"achievement.cfm_install":13,"stat.useItem.54":2,"stat.flyOneCm":16285,"stat.useItem.50":9,"stat.craftItem.355":2,"achievement.buildPickaxe":2,"stat.damageDealt":3515,"achievement.buildBetterPickaxe":2,"stat.killEntity.Cow":3,"stat.mineBlock.73":7,"stat.useItem.58":4,"stat.mineBlock.48":1,"stat.useItem.275":35,"stat.walkOneCm":379834,"stat.craftItem.265":9,"achievement.jewelrycraft.openGuide":2,"stat.playerKills":1,"petAchieve1":1,"stat.mineBlock.175":2,"stat.mineBlock.58":2,"tconstruct.beginner":1,"stat.craftItem.257":1,"achievement.buildSword":5,"achievement.mineWood":42,"stat.mineBlock.50":1,"stat.mineBlock.56":4,"stat.killEntity.Skeleton":3,"stat.useItem.257":52,"achievement.openInventory":81,"stat.craftItem.280":16,"stat.mobKills":12,"stat.mineBlock.21":4,"achievement.killEnemy":8,"stat.craftItem.272":1,"stat.craftItem.58":2,"stat.useItem.6":1,"stat.craftItem.275":1,"stat.deaths":3,"stat.drop":98,"stat.playOneMinute":106485,"stat.craftItem.50":20,"stat.useItem.4":63,"stat.useItem.5":63,"stat.craftItem.54":2,"stat.useItem.3":9,"stat.killEntity.Zombie":3,"stat.useItem.17":3,"stat.useItem.13":1,"stat.mineBlock.31":10,"stat.diveOneCm":18194,"stat.useItem.272":25}