{"achievement.tf.transformers_mod":22,"stat.leaveGame":16,"stat.mineBlock.13":11,"stat.mineBlock.16":15,"stat.mineBlock.15":20,"stat.mineBlock.18":3,"stat.mineBlock.17":22,"stat.jump":797,"stat.swimOneCm":13308,"stat.fallOneCm":12750,"stat.climbOneCm":1583,"achievement.buildWorkBench":2,"achievement.killCow":1,"achievement.exploreAllBiomes":{"value":0,"progress":["Birch Forest Hills","Birch Forest","River","Forest"]},"stat.useItem.175":5,"stat.craftItem.5":84,"stat.damageTaken":5150,"stat.mineBlock.4":13,"stat.mineBlock.3":13,"stat.mineBlock.1":124,"stat.mineBlock.112":6,"stat.mineBlock.61":1,"achievement.cfm_install":19,"stat.useItem.54":4,"stat.flyOneCm":11144,"achievement.buildPickaxe":3,"stat.entityKilledBy.Zombie":1,"stat.damageDealt":8965,"achievement.buildBetterPickaxe":2,"stat.killEntity.Cow":4,"stat.killEntity.Pig":4,"stat.mineBlock.73":9,"stat.useItem.58":2,"stat.useItem.274":26,"stat.useItem.397":1,"stat.useItem.275":1,"stat.mineBlock.48":1,"stat.walkOneCm":340923,"petAchieve1":2,"stat.mineBlock.175":3,"stat.craftItem.259":1,"stat.killEntity.Creeper":3,"achievement.buildSword":2,"achievement.mineWood":19,"stat.mineBlock.109":1,"stat.killEntity.Skeleton":3,"stat.craftItem.320":6,"achievement.openInventory":197,"stat.useItem.259":6,"stat.craftItem.280":20,"stat.killEntity.Spider":6,"stat.mobKills":35,"achievement.killEnemy":25,"stat.craftItem.272":1,"stat.craftItem.58":2,"stat.craftItem.274":1,"stat.deaths":2,"stat.craftItem.275":1,"stat.mineBlock.37":1,"stat.drop":66,"stat.mineBlock.39":1,"stat.playOneMinute":110791,"stat.killEntity.Sheep":1,"stat.useItem.4":48,"stat.useItem.5":16,"stat.craftItem.270":1,"stat.craftItem.54":4,"stat.useItem.3":48,"stat.killEntity.Zombie":12,"stat.useItem.270":10,"stat.mineBlock.31":10,"stat.diveOneCm":7760,"stat.useItem.272":79}