{"stat.useItem.274":176,"stat.useItem.275":2,"stat.walkOneCm":217442,"stat.craftItem.265":1,"achievement.jewelrycraft.openGuide":2,"stat.useItem.61":2,"achievement.tf.transformers_mod":3,"stat.craftItem.61":1,"stat.leaveGame":1,"stat.mineBlock.58":2,"stat.mineBlock.16":27,"stat.mineBlock.15":4,"stat.mineBlock.18":6,"stat.mineBlock.17":14,"tconstruct.beginner":5,"stat.jump":592,"stat.swimOneCm":20218,"stat.fallOneCm":10788,"tconstruct.pattern":1,"achievement.exploreAllBiomes":{"value":0,"progress":["Birch Forest Hills","Birch Forest","River","Forest"]},"stat.killEntity.Skeleton":1,"stat.craftItem.364":20,"stat.breakItem.274":1,"stat.craftItem.5":56,"achievement.openInventory":26,"stat.craftItem.280":16,"stat.damageTaken":1290,"stat.killEntity.Spider":2,"stat.mineBlock.4":1,"stat.mineBlock.3":1,"stat.mineBlock.1":118,"stat.mineBlock.61":1,"stat.mobKills":22,"achievement.cfm_install":3,"stat.craftItem.272":1,"stat.useItem.54":1,"stat.flyOneCm":58681,"stat.craftItem.58":1,"stat.craftItem.274":2,"stat.craftItem.275":1,"stat.drop":10,"stat.useItem.50":1,"stat.playOneMinute":58899,"stat.craftItem.50":4,"stat.killEntity.Sheep":2,"stat.craftItem.270":1,"stat.craftItem.54":1,"stat.damageDealt":3690,"stat.killEntity.Zombie":2,"stat.killEntity.Cow":11,"stat.killEntity.Pig":3,"stat.useItem.270":18,"stat.diveOneCm":52339,"stat.useItem.58":3,"stat.useItem.272":63}